year,country,gdp_per_capita,social_support,health,freedom,trust,generosity,happiness_score_next_year
2015,Afghanistan,0.31982,0.30285,0.30335,0.23414,0.09719,0.3651,3.36
2016,Afghanistan,0.38227,0.11037,0.17344,0.1643,0.07112,0.31268,3.79399991035461
2017,Afghanistan,0.401477217674255,0.581543326377869,0.180746778845787,0.106179520487785,0.0611578300595284,0.311870932579041,3.632
2015,Albania,0.87867,0.80434,0.81325,0.35733,0.06413,0.14272,4.655
2016,Albania,0.9553,0.50163,0.73007,0.31866,0.05301,0.1684,4.64400005340576
2017,Albania,0.996192753314972,0.803685247898102,0.731159746646881,0.381498634815216,0.0398642159998417,0.201312944293022,4.586
2015,Algeria,0.93929,1.07772,0.61766,0.28579,0.17383,0.07822,6.355
2016,Algeria,1.05266,0.83309,0.61804,0.21006,0.16157,0.07044,5.87200021743774
2017,Algeria,1.09186446666718,1.1462174654007,0.617584645748138,0.233335807919502,0.146096110343933,0.0694366469979286,5.295
2015,Angola,0.75778,0.8604,0.16683,0.10384,0.07122,0.12344,3.866
2016,Angola,0.84731,0.66366,0.04991,0.00589,0.08434,0.12071,3.79500007629395
2017,Angola,0.858428180217743,1.10441195964813,0.0498686656355858,0,0.0697203353047371,0.097926490008831,3.795
2015,Argentina,1.05351,1.24823,0.78723,0.44974,0.08484,0.11451,6.65
2016,Argentina,1.15137,1.06612,0.69711,0.42284,0.07296,0.10989,6.59899997711182
2017,Argentina,1.18529546260834,1.44045114517212,0.695137083530426,0.494519203901291,0.059739887714386,0.109457060694695,6.388
2015,Armenia,0.76821,0.77711,0.7299,0.19847,0.039,0.07855,4.36
2016,Armenia,0.86086,0.62477,0.64083,0.14037,0.03616,0.07793,4.37599992752075
2017,Armenia,0.900596737861633,1.00748372077942,0.637524425983429,0.198303267359734,0.0266744215041399,0.0834880918264389,4.321
2015,Australia,1.33358,1.30923,0.93156,0.65124,0.35637,0.43562,7.313
2016,Australia,1.44443,1.10476,0.8512,0.56837,0.32331,0.47407,7.28399991989136
2017,Australia,1.484414935112,1.51004195213318,0.84388679265976,0.601607382297516,0.301183730363846,0.477699249982834,7.272
2015,Austria,1.33723,1.29704,0.89042,0.62433,0.18676,0.33088,7.119
2016,Austria,1.45038,1.08383,0.80565,0.54355,0.21348,0.32865,7.00600004196167
2017,Austria,1.48709726333618,1.4599449634552,0.81532841920852706,0.567766189575195,0.221060365438461,0.316472321748734,7.139
2015,Azerbaijan,1.02389,0.93793,0.64045,0.3703,0.16065,0.07799,5.291
2016,Azerbaijan,1.12373,0.76042,0.54504,0.35327,0.17914,0.0564,5.23400020599365
2017,Azerbaijan,1.15360176563263,1.15240025520325,0.540775775909424,0.398155838251114,0.180987507104874,0.0452693402767181,5.201
2015,Bahrain,1.32376,1.21624,0.74716,0.45492,0.306,0.17362,6.218
2016,Bahrain,1.44024,0.94397,0.65696,0.47375,0.25772,0.17147,6.08699989318848
2017,Bahrain,1.48841226100922,1.32311046123505,0.653133034706116,0.536746919155121,0.257042169570923,0.172668486833572,6.105
2015,Bangladesh,0.39753,0.43106,0.60164,0.4082,0.12569,0.21222,4.643
2016,Bangladesh,0.54177,0.24749,0.52989,0.39778,0.12583,0.19132,4.60799980163574
2017,Bangladesh,0.586682975292206,0.735131740570068,0.533241033554077,0.478356659412384,0.123717859387398,0.172255352139473,4.5
2015,Belarus,1.03192,1.23289,0.73608,0.37938,0.1909,0.11046,5.802
2016,Belarus,1.13062,1.04993,0.63104,0.29091,0.17457,0.13942,5.56899976730347
2017,Belarus,1.15655755996704,1.44494521617889,0.637714266777039,0.295400261878967,0.156313821673393,0.15513750910759,5.483
2015,Belgium,1.30782,1.28566,0.89667,0.5845,0.2254,0.2225,6.929
2016,Belgium,1.42539,1.05249,0.81959,0.51354,0.26248,0.2424,6.89099979400635
2017,Belgium,1.46378076076508,1.46231269836426,0.818091869354248,0.539770722389221,0.251343131065369,0.231503337621689,6.927
2016,Belize,0.87616,0.68655,0.45569,0.51231,0.10771,0.23684,5.95599985122681
2017,Belize,0.907975316047668,1.08141779899597,0.450191766023636,0.547509372234344,0.0965810716152191,0.240015640854836,5.956
2015,Benin,0.28665,0.35386,0.3191,0.4845,0.0801,0.1826,3.484
2016,Benin,0.39499,0.10419,0.21028,0.39747,0.06681,0.2018,3.65700006484985
2017,Benin,0.431085407733917,0.435299843549728,0.209930211305618,0.425962775945663,0.0609290152788162,0.207948461174965,4.141
2015,Bhutan,0.77042,1.10395,0.57407,0.53206,0.15445,0.47998,5.196
2016,Bhutan,0.8527,0.90836,0.49759,0.46074,0.1616,0.48546,5.01100015640259
2017,Bhutan,0.885416388511658,1.34012651443481,0.495879292488098,0.501537680625916,0.173380389809608,0.474054545164108,5.082
2015,Bolivia,0.68133,0.97841,0.5392,0.57414,0.088,0.20536,5.822
2016,Bolivia,0.79422,0.83779,0.4697,0.50961,0.07746,0.21698,5.82299995422363
2017,Bolivia,0.833756566047668,1.22761905193329,0.473630249500275,0.558732926845551,0.0604777261614799,0.22556072473526,5.752
2015,Bosnia and Herzegovina,0.83223,0.91916,0.79081,0.09245,0.00227,0.24808,5.163
2016,Bosnia and Herzegovina,0.93383,0.64367,0.70766,0.09511,0,0.29889,5.18200016021729
2017,Bosnia and Herzegovina,0.982409417629242,1.0693359375,0.705186307430267,0.204403176903725,0,0.328867495059967,5.129
2015,Botswana,0.99355,1.10464,0.04776,0.49495,0.12474,0.10461,3.974
2016,Botswana,1.09426,0.89186,0.34752,0.44089,0.10769,0.12425,3.76600003242493
2017,Botswana,1.12209415435791,1.22155499458313,0.341755509376526,0.505196332931519,0.0985831990838051,0.0993484482169151,3.59
2015,Brazil,0.98124,1.23287,0.69702,0.49049,0.17521,0.14574,6.952
2016,Brazil,1.08754,1.03938,0.61415,0.40425,0.14166,0.15776,6.63500022888184
2017,Brazil,1.10735321044922,1.43130600452423,0.616552352905273,0.437453746795654,0.111092761158943,0.16234989464283,6.419
2015,Bulgaria,1.01216,1.10614,0.76649,0.30587,0.00872,0.11921,4.217
2016,Bulgaria,1.11306,0.92542,0.67806,0.21219,0.00615,0.12793,4.71400022506714
2017,Bulgaria,1.1614590883255,1.43437945842743,0.708217680454254,0.289231717586517,0.0110515309497714,0.113177694380283,4.933
2015,Burkina Faso,0.25812,0.85188,0.27125,0.39493,0.12832,0.21747,3.739
2016,Burkina Faso,0.31995,0.63054,0.21297,0.3337,0.12533,0.24353,4.03200006484985
2017,Burkina Faso,0.3502277135849,1.04328000545502,0.215844258666039,0.324367851018906,0.120328105986118,0.250864684581757,4.424
2015,Burundi,0.0153,0.41587,0.22396,0.1185,0.10062,0.19727,2.905
2016,Burundi,0.06831,0.23442,0.15747,0.0432,0.09419,0.2029,2.90499997138977
2017,Burundi,0.091622568666935,0.629793584346771,0.151610791683197,0.0599007532000542,0.0841479450464249,0.204435184597969,2.905
2015,Cambodia,0.46038,0.62736,0.61114,0.66246,0.07247,0.40359,3.907
2016,Cambodia,0.55604,0.5375,0.42494,0.58852,0.08092,0.40339,4.16800022125244
2017,Cambodia,0.601765096187592,1.00623834133148,0.429783403873444,0.633375823497772,0.0681059509515762,0.385922968387604,4.433
2015,Cameroon,0.4225,0.88767,0.23402,0.49309,0.05786,0.20618,4.513
2016,Cameroon,0.52497,0.62542,0.12698,0.42736,0.06126,0.2268,4.69500017166138
2017,Cameroon,0.564305365085602,0.946018218994141,0.132892116904259,0.430388748645782,0.0513066314160824,0.236298456788063,4.975
2015,Canada,1.32629,1.32261,0.90563,0.63297,0.32957,0.45811,7.404
2016,Canada,1.44015,1.0961,0.8276,0.5737,0.31329,0.44834,7.31599998474121
2017,Canada,1.47920441627502,1.48134899139404,0.83455765247345,0.611100912094116,0.287371516227722,0.435539722442627,7.328
2015,Central African Republic,0.0785,0,0.06699,0.48879,0.08289,0.23835,2.69300007820129
2017,Central African Republic,0,0,0.0187726859003305,0.270842045545578,0.0565650761127472,0.280876487493515,3.083
2015,Chad,0.34193,0.76062,0.1501,0.23501,0.05269,0.18386,3.763
2016,Chad,0.42214,0.63178,0.03824,0.12807,0.04952,0.18667,3.93600010871887
2017,Chad,0.438012987375259,0.953855872154236,0.0411347150802612,0.16234202682972,0.0535818822681904,0.216113850474358,4.301
2015,Chile,1.10715,1.12447,0.85857000000000006,0.44132,0.12869,0.33363,6.705
2016,Chile,1.2167,0.90587,0.81883,0.37789,0.11451,0.31595,6.65199995040894
2017,Chile,1.25278460979462,1.28402495384216,0.819479703903198,0.376895278692245,0.0822879821062088,0.326662421226501,6.476
2015,China,0.89012,0.94675,0.81658,0.51697,0.02781,0.08185,5.245
2016,China,1.0278,0.79381,0.73561,0.44012,0.02745,0.04959,5.27299976348877
2017,China,1.08116579055786,1.16083741188049,0.741415500640869,0.472787708044052,0.0227942746132612,0.0288068410009146,5.246
2015,Colombia,0.91861,1.24018,0.69077,0.53466,0.0512,0.18401,6.481
2016,Colombia,1.03032,1.02169,0.59659,0.44735,0.05399,0.15626,6.35699987411499
2017,Colombia,1.07062232494354,1.4021829366684,0.595027923583984,0.477487415075302,0.0466687418520451,0.149014472961426,6.26
2015,Comoros,0.23906,0.79273,0.36315,0.22917,0.199,0.17441,3.956
2016,Comoros,0.27509,0.60323,0.29981,0.15412,0.18437,0.1827,3.973
2015,Congo (Brazzaville),0.67866,0.6629,0.31051,0.41466,0.11686,0.12388,4.236
2016,Congo (Brazzaville),0.77109,0.47799,0.28212,0.37938,0.09753,0.12077,4.29099988937378
2017,Congo (Brazzaville),0.808964252471924,0.832044363021851,0.28995743393898,0.435025870800018,0.0796181336045265,0.120852127671242,4.559
2015,Congo (Kinshasa),0,1.0012,0.09806,0.22605,0.07625,0.24834,4.272
2016,Congo (Kinshasa),0.05661,0.80676,0.188,0.15602,0.06075,0.25458,4.28000020980835
2017,Congo (Kinshasa),0.0921023488044739,1.22902345657349,0.191407024860382,0.235961347818375,0.0602413564920425,0.246455833315849,4.245
2015,Costa Rica,0.95578,1.23788,0.86027,0.63376,0.10583,0.25497,7.087
2016,Costa Rica,1.06879,1.02152,0.76146,0.55225,0.10547,0.22553,7.0789999961853
2017,Costa Rica,1.10970628261566,1.41640365123749,0.759509265422821,0.580131649971008,0.100106589496136,0.214613229036331,7.072
2015,Croatia,1.08254,0.79624,0.78805,0.25883,0.0243,0.05444,5.488
2016,Croatia,1.18649,0.60809,0.70524,0.23907,0.04002,0.18434,5.29300022125244
2017,Croatia,1.22255623340607,0.96798300743103,0.701288521289825,0.255772292613983,0.0431031100451946,0.248002976179123,5.321
2015,Cyprus,1.20813,0.89318,0.92356,0.40672,0.06146,0.30638,5.546
2016,Cyprus,1.31857,0.70697,0.8488,0.29507,0.05228,0.27906,5.62099981307983
2017,Cyprus,1.35593807697296,1.13136327266693,0.84471470117569,0.355111539363861,0.0412379764020443,0.271254301071167,5.762
2015,Czech Republic,1.17898,1.20643,0.84483,0.46364,0.02652,0.10686,6.596
2016,Czech Republic,1.30915,1.00793,0.76376,0.41418,0.03986,0.09929,6.60900020599365
2017,Czech Republic,1.35268235206604,1.43388521671295,0.754444003105164,0.490946173667908,0.0368729270994663,0.0881067588925362,6.711
2015,Denmark,1.32548,1.36058,0.87464,0.64938,0.48357,0.34139,7.526
2016,Denmark,1.44178,1.16374,0.79504,0.57941,0.44453,0.36171,7.52199983596802
2017,Denmark,1.48238301277161,1.55112159252167,0.792565524578094,0.626006722450256,0.40077006816864,0.355280488729477,7.555
2015,Dominican Republic,0.89537,1.17202,0.66825,0.57672,0.14234,0.21684,5.155
2016,Dominican Republic,1.02787,0.99496,0.57669,0.52259,0.12372,0.21286,5.23000001907349
2017,Dominican Republic,1.07937383651733,1.40241670608521,0.574873745441437,0.55258983373642,0.113945253193378,0.186967849731445,5.302
2015,Ecuador,0.86402,0.99903,0.79075,0.48574,0.1809,0.11541,5.976
2016,Ecuador,0.97306,0.85974,0.68613,0.4027,0.18037,0.10074,6.00799989700317
2017,Ecuador,1.00082039833069,1.28616881370544,0.685636222362518,0.4551981985569,0.140134647488594,0.150112465023994,5.973
2015,Egypt,0.8818,0.747,0.61712,0.17288,0.06324,0.11291,4.362
2016,Egypt,0.95395,0.49813,0.52116,0.18847,0.10393,0.12706,4.7350001335144
2017,Egypt,0.989701807498932,0.997471392154694,0.520187258720398,0.282110154628754,0.114381365478039,0.128631442785263,4.419
2015,El Salvador,0.76454,1.02507,0.67737,0.4035,0.11776,0.10692,6.068
2016,El Salvador,0.8737,0.80975,0.596,0.37269,0.10613,0.08877,6.00299978256226
2017,El Salvador,0.909784495830536,1.18212509155273,0.596018552780151,0.432452529668808,0.0899809598922729,0.0782579854130745,6.167
2015,Estonia,1.15174,1.22791,0.77361,0.44888,0.15184,0.0868,5.517
2016,Estonia,1.2796400000000001,1.05163,0.68098,0.41511,0.18519,0.08423,5.61100006103516
2017,Estonia,1.32087934017181,1.47667109966278,0.695168316364288,0.479131430387497,0.183248922228813,0.0988908112049103,5.739
2015,Ethiopia,0.19073,0.60406,0.44055,0.4345,0.15048,0.24325,4.508
2016,Ethiopia,0.29283,0.37932,0.34578,0.36703,0.1717,0.29522,4.46000003814697
2017,Ethiopia,0.339233845472336,0.86466920375824,0.353409707546234,0.408842742443085,0.165455713868141,0.312650740146637,4.35
2015,Finland,1.29025,1.31826,0.88911,0.64169,0.41372,0.23351,7.413
2016,Finland,1.40598,1.13464,0.81091,0.57104,0.41004,0.25492,7.4689998626709
2017,Finland,1.44357192516327,1.5402467250824,0.80915766954422,0.617950856685638,0.38261154294014,0.24548277258873,7.632
2015,France,1.27778,1.26038,0.94579,0.55011,0.20646,0.12332,6.478
2016,France,1.39488,1.00508,0.83795,0.46562,0.17808,0.1216,6.44199991226196
2017,France,1.43092346191406,1.38777685165405,0.844465851783752,0.470222115516663,0.172502428293228,0.129762306809425,6.489
2015,Gabon,1.06024,0.90528,0.43372,0.31914,0.11091,0.06822,4.121
2016,Gabon,1.15851,0.72368,0.3494,0.28098,0.09314,0.06244,4.46500015258789
2017,Gabon,1.1982102394104,1.1556202173233,0.356578588485718,0.312328577041626,0.0760467872023582,0.0437853783369064,4.758
2015,Georgia,0.7419,0.38562,0.72926,0.40577,0.38331,0.05547,4.252
2016,Georgia,0.83792,0.19249,0.64035,0.32461,0.3188,0.06786,4.28599977493286
2017,Georgia,0.950612664222717,0.57061493396759,0.649546980857849,0.309410035610199,0.251666635274887,0.0540088154375553,4.34
2015,Germany,1.32792,1.29937,0.89186,0.61477,0.21843,0.28214,6.994
2016,Germany,1.44787,1.09774,0.81487,0.53466,0.28551,0.30452,6.95100021362305
2017,Germany,1.48792338371277,1.4725203514099101,0.798950731754303,0.562511384487152,0.276731938123703,0.336269170045853,6.965
2015,Ghana,0.54558,0.67954,0.40132,0.42342,0.04355,0.23087,4.276
2016,Ghana,0.63107,0.49353,0.29681,0.40973,0.0326,0.21203,4.11999988555908
2017,Ghana,0.667224824428558,0.873664736747742,0.295637726783752,0.423026293516159,0.0253363698720932,0.256923943758011,4.657
2015,Greece,1.15406,0.92933,0.88213,0.07699,0.01397,0,5.033
2016,Greece,1.24886,0.75473,0.80029,0.05822,0.04127,0,5.22700023651123
2017,Greece,1.28948748111725,1.23941457271576,0.810198903083801,0.0957312509417534,0.04328977689147,0,5.358
2015,Guatemala,0.74553,1.04356,0.64425,0.57733,0.09472,0.27489,6.324
2016,Guatemala,0.83454,0.87119,0.54039,0.50379,0.08701,0.28808,6.4539999961853
2017,Guatemala,0.872001945972443,1.25558519363403,0.540239989757538,0.531310617923737,0.0772232785820961,0.283488392829895,6.382
2015,Guinea,0.17417,0.46475,0.24009,0.37725,0.12139,0.28657,3.607
2016,Guinea,0.22415,0.3109,0.18829,0.30953,0.1192,0.29914,3.50699996948242
2017,Guinea,0.244549930095673,0.791244685649872,0.194129139184952,0.348587512969971,0.110937617719173,0.264815092086792,3.964
2015,Haiti,0.26673,0.74302,0.38847,0.24425,0.17175,0.46187,4.028
2016,Haiti,0.34097,0.29561,0.27494,0.12072,0.14476,0.47958,3.6029999256134
2017,Haiti,0.368610262870789,0.640449821949005,0.277321130037308,0.0303698573261499,0.0998721495270729,0.489203780889511,3.582
2015,Honduras,0.59532,0.95348,0.6951,0.40148,0.06825,0.23027,4.871
2016,Honduras,0.69429,0.75596,0.58383,0.26755,0.06906,0.2044,5.18100023269653
2017,Honduras,0.730573117733002,1.14394497871399,0.582569479942322,0.348079860210419,0.0733454525470734,0.236188873648643,5.504
2015,Hong Kong,1.38604,1.05818,1.01328,0.59608,0.37124,0.39478,5.458
2016,Hong Kong,1.5107,0.87021,0.95277,0.48079,0.31647,0.40097,5.43
2015,Hungary,1.12094,1.20215,0.75905,0.32112,0.02758,0.128,5.145
2016,Hungary,1.24142,0.93164,0.67608,0.1977,0.04472,0.099,5.32399988174438
2017,Hungary,1.2860119342804,1.34313309192657,0.687763452529907,0.175863519310951,0.0366369374096394,0.0784016624093056,5.62
2015,Iceland,1.30232,1.40223,0.94784,0.62877,0.14145,0.4363,7.501
2016,Iceland,1.42666,1.18326,0.86733,0.56624,0.14975,0.47678,7.50400018692017
2017,Iceland,1.480633020401,1.6105740070343,0.833552122116089,0.627162635326385,0.153526559472084,0.475540220737457,7.495
2015,India,0.64499,0.38174,0.51529,0.39786,0.08492,0.26475,4.404
2016,India,0.74036,0.29247,0.45091,0.40285,0.08722,0.25028,4.31500005722046
2017,India,0.792221248149872,0.754372596740723,0.455427616834641,0.469987004995346,0.0922268852591515,0.231538489460945,4.19
2015,Indonesia,0.82827,1.08708,0.63793,0.46611,0,0.51535,5.314
2016,Indonesia,0.95104,0.87625,0.49374,0.39237,0.00322,0.56521,5.26200008392334
2017,Indonesia,0.995538592338562,1.27444469928741,0.492345720529556,0.443323463201523,0.0153171354904771,0.611704587936401,5.093
2015,Iran,1.0088,0.54447,0.69805,0.30033,0.05863,0.38086,4.813
2016,Iran,1.11758,0.38857,0.64232,0.22544,0.0557,0.38538,4.69199991226196
2017,Iran,1.15687310695648,0.711551249027252,0.639333188533783,0.249322608113289,0.048761073499918,0.387242913246155,4.707
2015,Iraq,0.98549,0.81889,0.60237,0,0.13788,0.17922,4.575
2016,Iraq,1.07474,0.59205,0.51076,0.24856,0.13636,0.19589,4.49700021743774
2017,Iraq,1.10271048545837,0.978613197803497,0.50118046998977706,0.288555532693863,0.107215754687786,0.19963726401329,4.456
2015,Ireland,1.33596,1.36948,0.89533,0.61777,0.28703,0.45901,6.907
2016,Ireland,1.48341,1.16157,0.81455,0.54008,0.29754,0.44963,6.97700023651123
2017,Ireland,1.53570663928986,1.55823111534119,0.80978262424469,0.573110342025757,0.29838815331459,0.42785832285881,6.977
2015,Israel,1.22857,1.22393,0.91387,0.41319,0.07785,0.33172,7.267
2016,Israel,1.33766,0.99537,0.84917,0.36432,0.08728,0.32288,7.21299982070923
2017,Israel,1.37538242340088,1.37628996372223,0.83840399980545,0.405988603830338,0.0852421000599861,0.330082654953003,6.814
2015,Italy,1.25114,1.19777,0.95446,0.26236,0.02901,0.22823,5.977
2016,Italy,1.35495,1.04167,0.85102,0.18827,0.02556,0.16684,5.96400022506714
2017,Italy,1.39506661891937,1.44492328166962,0.853144347667694,0.256450712680817,0.0280280914157629,0.17278964817524,6
2015,Ivory Coast,0.46534,0.77115,0.15185,0.46866,0.17922,0.20165,3.916
2016,Ivory Coast,0.55507,0.57576,0.04476,0.40663,0.1553,0.20338,4.17999982833862
2017,Ivory Coast,0.603048920631409,0.904780030250549,0.0486421696841717,0.447706192731857,0.130061775445938,0.201237469911575,4.671
2015,Jamaica,0.81038,1.15102,0.68741,0.50442,0.02299,0.2123,5.51
2016,Jamaica,0.89333,0.96372,0.59469,0.43597,0.04294,0.22245,5.31099987030029
2017,Jamaica,0.925579309463501,1.36821806430817,0.641022384166718,0.474307239055634,0.0552677810192108,0.233818337321281,5.89
2015,Japan,1.27074,1.25712,0.99111,0.49615,0.1806,0.10705,5.921
2016,Japan,1.38007,1.06054,0.91491,0.46761,0.18985,0.10224,5.92000007629395
2017,Japan,1.41691517829895,1.43633782863617,0.913475871086121,0.505625545978546,0.163760736584663,0.12057276815176,5.915
2015,Jordan,0.90198,1.05392,0.69639,0.40661,0.14293,0.11053,5.303
2016,Jordan,0.99673,0.86216,0.60712,0.36023,0.13297,0.14262,5.33599996566772
2017,Jordan,0.991012394428253,1.23908889293671,0.604590058326721,0.418421149253845,0.11980327218771,0.172170460224152,5.161
2015,Kazakhstan,1.12254,1.12241,0.64368,0.51649,0.08454,0.11827,5.919
2016,Kazakhstan,1.22943,0.95544,0.57386,0.4052,0.11132,0.15011,5.81899976730347
2017,Kazakhstan,1.28455626964569,1.38436901569366,0.606041550636292,0.437454283237457,0.119282886385918,0.201964423060417,5.79
2015,Kenya,0.36471,0.99876,0.41435,0.42215,0.05839,0.37542,4.356
2016,Kenya,0.52267,0.7624,0.30147,0.40576,0.06686,0.41328,4.55299997329712
2017,Kenya,0.560479462146759,1.06795072555542,0.309988349676132,0.452763766050339,0.0646413192152977,0.444860309362411,4.41
2015,Kosovo,0.80148,0.81198,0.63132,0.24749,0.04741,0.2831,5.401
2016,Kosovo,0.90145,0.66062,0.54,0.14396,0.06547,0.27992,5.27899980545044
2017,Kosovo,0.951484382152557,1.13785350322723,0.541452050209045,0.260287940502167,0.0574716180562973,0.319931447505951,5.662
2015,Kuwait,1.55422,1.16594,0.72492,0.55499,0.25609,0.16228,6.239
2016,Kuwait,1.61714,0.87758,0.63569,0.43166,0.23669,0.15965,6.10500001907349
2017,Kuwait,1.63295245170593,1.25969874858856,0.632105708122253,0.496337592601776,0.215159550309181,0.228289797902107,6.083
2015,Kyrgyzstan,0.47428,1.15115,0.65088,0.43477,0.04232,0.3003,5.185
2016,Kyrgyzstan,0.56044,0.95434,0.55449,0.40212,0.04762,0.38432,5.00400018692017
2017,Kyrgyzstan,0.596220076084137,1.39423859119415,0.553457796573639,0.454943388700485,0.0394391790032387,0.42858037352562,5.131
2015,Laos,0.59066,0.73803,0.54909,0.59591,0.24249,0.42192,4.876
2016,Laos,0.68042,0.5497,0.38291,0.52168,0.22423,0.43079,4.623
2015,Latvia,1.11312,1.09562,0.72437,0.29671,0.06332,0.18226,5.56
2016,Latvia,1.21788,0.95025,0.63952,0.27996,0.0889,0.17445,5.84999990463257
2017,Latvia,1.26074862480164,1.40471494197845,0.638566970825195,0.325707912445068,0.0738427266478539,0.153074786067009,5.933
2015,Lebanon,1.02564,0.80001,0.83947,0.33916,0.04582,0.21854,5.129
2016,Lebanon,1.12268,0.64184,0.76171,0.26228,0.03061,0.23693,5.22499990463257
2017,Lebanon,1.07498753070831,1.12962424755096,0.73508107662200906,0.288515985012054,0.037513829767704,0.264450758695602,5.358
2015,Lesotho,0.37545,1.04103,0.07612,0.31767,0.12504,0.16388,3.80800008773804
2017,Lesotho,0.521021246910095,1.19009518623352,0,0.390661299228668,0.119094640016556,0.157497271895409,3.808
2015,Liberia,0.0712,0.78968,0.34201,0.28531,0.06232,0.24362,3.622
2016,Liberia,0.10706,0.50353,0.23165,0.25748,0.04852,0.24063,3.53299999237061
2017,Liberia,0.119041793048382,0.872117936611176,0.229918196797371,0.332881182432175,0.0389482490718365,0.26654988527298,3.495
2015,Libya,1.13145,1.11862,0.7038,0.41668,0.11023,0.18295,5.615
2016,Libya,1.06688,0.95076,0.52304,0.40672,0.10339,0.17087,5.52500009536743
2017,Libya,1.10180306434631,1.35756433010101,0.520169019699097,0.465733230113983,0.0926102101802826,0.152073666453362,5.566
2015,Lithuania,1.14723,1.25745,0.73128,0.21342,0.01031,0.02641,5.813
2016,Lithuania,1.2692,1.06411,0.64674,0.18929,0.0182,0.02025,5.90199995040894
2017,Lithuania,1.31458234786987,1.47351610660553,0.62894994020462,0.234231784939766,0.0118656428530812,0.010164656676352,5.952
2015,Luxembourg,1.56391,1.21963,0.91894,0.61583,0.37798,0.28034,6.871
2016,Luxembourg,1.69752,1.03999,0.84542,0.5487,0.35329,0.27571,6.86299991607666
2017,Luxembourg,1.74194359779358,1.45758366584778,0.845089495182037,0.59662789106369,0.31883442401886,0.283180981874466,6.91
2015,Macedonia,0.91851,1.00232,0.73545,0.33457,0.05327,0.22359,5.121
2016,Macedonia,1.0193,0.78236000000000006,0.64738,0.27668,0.07047,0.23507,5.17500019073486
2017,Macedonia,1.06457793712616,1.20789301395416,0.644948184490204,0.325905978679657,0.0602777935564518,0.25376096367836,5.185
2015,Madagascar,0.20824,0.66801,0.46721,0.19184,0.08124,0.21333,3.695
2016,Madagascar,0.27954,0.46115,0.37109,0.13684,0.07506,0.2204,3.64400005340576
2017,Madagascar,0.305808693170547,0.913020372390747,0.375223308801651,0.189196765422821,0.0672319754958153,0.208732530474663,3.774
2015,Malawi,0.01604,0.41134,0.22562,0.43054,0.06977,0.33128,4.156
2016,Malawi,0.08709,0.147,0.29364,0.4143,0.07564,0.30968,3.97000002861023
2017,Malawi,0.233442038297653,0.512568831443787,0.315089583396912,0.466914653778076,0.0727116540074348,0.287170469760895,3.587
2015,Malaysia,1.12486,1.07023,0.72394,0.53024,0.10501,0.33075,6.005
2016,Malaysia,1.25142,0.88025,0.62366,0.39031,0.09081,0.41474,6.08400011062622
2017,Malaysia,1.29121541976929,1.28464603424072,0.618784427642822,0.402264982461929,0.0656007081270218,0.416608929634094,6.322
2015,Mali,0.26074,1.03526,0.20583,0.38857,0.12352,0.18798,4.073
2016,Mali,0.31292,0.86333,0.16347,0.27544,0.13647,0.21064,4.19000005722046
2017,Mali,0.476180493831635,1.28147339820862,0.169365674257278,0.306613743305206,0.104970246553421,0.183354198932648,4.447
2015,Malta,1.2074,1.30203,0.88721,0.60365,0.13586,0.51752,6.488
2016,Malta,1.30782,1.09879,0.80315,0.54994,0.17554,0.56237,6.52699995040894
2017,Malta,1.34327983856201,1.48841166496277,0.821944236755371,0.588767051696777,0.153066068887711,0.574730575084686,6.627
2015,Mauritania,0.45407,0.86908,0.35874,0.24232,0.17461,0.219,4.201
2016,Mauritania,0.61391,0.84142,0.28639,0.1268,0.17955,0.22686,4.29199981689453
2017,Mauritania,0.648457288742065,1.2720308303833,0.285349279642105,0.0960980430245399,0.13695700466632801,0.201870024204254,4.356
2015,Mauritius,1.00761,0.98521,0.7095,0.56066,0.07521,0.37744,5.648
2016,Mauritius,1.14372,0.75695,0.66189,0.46145,0.05203,0.36951,5.62900018692017
2017,Mauritius,1.18939554691315,1.20956099033356,0.638007462024689,0.491247326135635,0.0421815551817417,0.360933750867844,5.891
2015,Mexico,1.02054,0.91451,0.81444,0.48181,0.21312,0.14074,6.778
2016,Mexico,1.11508,0.7146,0.71143,0.37709,0.18355,0.11735,6.57800006866455
2017,Mexico,1.15318381786346,1.210862159729,0.709978997707367,0.412730008363724,0.132774114608765,0.120990432798862,6.488
2015,Moldova,0.59448,1.01528,0.61826,0.32818,0.01615,0.20951,5.897
2016,Moldova,0.69177,0.83132,0.52309,0.25202,0.01903,0.19997,5.83799982070923
2017,Moldova,0.728870630264282,1.25182557106018,0.589465200901031,0.240729048848152,0.0100912861526012,0.208779126405716,5.64
2015,Mongolia,0.82819,1.3006,0.60268,0.43626,0.02666,0.3323,4.907
2016,Mongolia,0.98853,1.08983,0.55469,0.35972,0.03285,0.34539,4.95499992370605
2017,Mongolia,1.02723586559296,1.4930112361908,0.557783484458923,0.394143968820572,0.0329022891819477,0.338464230298996,5.125
2015,Montenegro,0.97438,0.90557,0.72521,0.1826,0.14296,0.1614,5.161
2016,Montenegro,1.07838,0.74173,0.63533,0.15111,0.12721,0.17191,5.23699998855591
2017,Montenegro,1.12112903594971,1.23837649822235,0.667464673519135,0.194989055395126,0.0881741940975189,0.197911024093628,5.347
2015,Morocco,0.73479,0.64095,0.60954,0.41691,0.08546,0.07172,5.151
2016,Morocco,0.84058,0.38595,0.59471,0.25646,0.08404,0.04053,5.2350001335144
2017,Morocco,0.878114581108093,0.774864435195923,0.59771066904068,0.408158332109451,0.0877631828188896,0.0322099551558495,5.254
2015,Mozambique,0.08308,1.02626,0.09131,0.34037,0.15603,0.22269,4.55000019073486
2017,Mozambique,0.234305649995804,0.870701014995575,0.106654435396194,0.480791091918945,0.179436385631561,0.322228103876114,4.417
2015,Myanmar,0.27108,0.70905,0.48246,0.44017,0.19034,0.79588,4.395
2016,Myanmar,0.34112,0.69981,0.3988,0.42692,0.20243,0.81971,4.54500007629395
2017,Myanmar,0.367110550403595,1.12323594093323,0.397522568702698,0.514492034912109,0.188816204667091,0.838075160980225,4.308
2016,Namibia,0.93287,0.70362,0.34745,0.48614,0.10398,0.07795,4.57399988174438
2017,Namibia,0.964434325695038,1.0984708070755,0.33861181139946,0.520303547382355,0.0931469723582268,0.0771337449550629,4.441
2015,Nepal,0.35997,0.86449,0.56874,0.38282,0.05907,0.32296,4.793
2016,Nepal,0.44626,0.69699,0.50073,0.37012,0.07008,0.3816,4.96199989318848
2017,Nepal,0.479820191860199,1.17928326129913,0.504130780696869,0.440305948257446,0.0729755461215973,0.394096165895462,4.88
2015,Netherlands,1.32944,1.28017,0.89284,0.61576,0.31814,0.4761,7.339
2016,Netherlands,1.46468,1.02912,0.81231,0.55211,0.29927,0.47416,7.3769998550415
2017,Netherlands,1.50394463539124,1.42893922328949,0.810696125030518,0.585384488105774,0.282661825418472,0.470489829778671,7.441
2015,New Zealand,1.25018,1.31967,0.90837,0.63938,0.42922,0.47501,7.334
2016,New Zealand,1.36066,1.17278,0.83096,0.58147,0.41904,0.49401,7.31400012969971
2017,New Zealand,1.40570604801178,1.54819512367249,0.816759705543518,0.614062130451202,0.382816702127457,0.500005125999451,7.324
2015,Nicaragua,0.59325,1.14184,0.74314,0.55475,0.19317,0.27815,5.992
2016,Nicaragua,0.69384,0.89521,0.65213,0.46582,0.16292,0.29773,6.07100009918213
2017,Nicaragua,0.737299203872681,1.28721570968628,0.653095960617065,0.447551846504211,0.130687981843948,0.301674216985703,6.141
2015,Niger,0.0694,0.77265,0.29707,0.47692,0.15639,0.19387,3.856
2016,Niger,0.1327,0.6053,0.26162,0.38041,0.17176,0.2097,4.02799987792969
2017,Niger,0.161925330758095,0.993025004863739,0.26850500702858,0.36365869641304,0.138572946190834,0.228673845529556,4.166
2015,Nigeria,0.65435,0.90432,0.16007,0.34334,0.0403,0.27233,4.875
2016,Nigeria,0.75216,0.64498,0.05108,0.27854,0.0305,0.23219,5.07399988174438
2017,Nigeria,0.783756256103516,1.21577048301697,0.0569157302379608,0.394952565431595,0.0261215660721064,0.230947196483612,5.155
2015,North Cyprus,1.20806,1.07008,0.92356,0.49027,0.1428,0.26169,5.771
2016,North Cyprus,1.31141,0.81826,0.84142,0.43596,0.16578,0.26322,5.80999994277954
2015,Norway,1.459,1.33095,0.88521,0.66973,0.36503,0.34699,7.498
2016,Norway,1.57744,1.1269,0.79579,0.59609,0.35776,0.37895,7.53700017929077
2017,Norway,1.61646318435669,1.53352355957031,0.796666502952576,0.635422587394714,0.315963834524155,0.36201223731041,7.594
2015,Pakistan,0.59543,0.41411,0.51466,0.12102,0.10464,0.33671,5.132
2016,Pakistan,0.68816,0.26135,0.40306,0.14622,0.1388,0.31185,5.26900005340576
2017,Pakistan,0.72688353061676,0.672690689563751,0.402047783136368,0.23521526157856,0.124348066747189,0.315446019172668,5.472
2015,Palestinian Territories,0.59867,0.92558,0.66015,0.24499,0.12905,0.11251,4.754
2016,Palestinian Territories,0.67024,0.71629,0.56844,0.17744,0.10613,0.11154,4.77500009536743
2017,Palestinian Territories,0.716249227523804,1.15564715862274,0.565666973590851,0.25471106171608,0.0892826020717621,0.114173173904419,4.743
2015,Panama,1.06353,1.1985,0.79661,0.5421,0.0927,0.24434,6.701
2016,Panama,1.18306,0.98912,0.70835,0.48927,0.08423,0.2418,6.4520001411438
2017,Panama,1.23374843597412,1.37319254875183,0.706156134605408,0.550026834011078,0.070983923971653,0.21055693924427,6.43
2015,Paraguay,0.75985,1.30477,0.66098,0.53899,0.08242,0.3424,5.538
2016,Paraguay,0.89373,1.11111,0.58295,0.46235,0.07396,0.25296,5.49300003051758
2017,Paraguay,0.932537317276001,1.50728487968445,0.579250693321228,0.473507791757584,0.091065913438797,0.224150657653809,5.681
2015,Peru,0.90019,0.97459,0.73017,0.41496,0.05989,0.14982,5.743
2016,Peru,0.99602,0.81255,0.62994000000000006,0.37502,0.05292,0.14527,5.71500015258789
2017,Peru,1.03522527217865,1.21877038478851,0.630166113376617,0.450002878904343,0.0470490865409374,0.126819714903831,5.663
2015,Philippines,0.70532,1.03516,0.58114,0.62545,0.12279,0.24991,5.279
2016,Philippines,0.81217,0.87877,0.47036,0.54854,0.11757,0.21674,5.42999982833862
2017,Philippines,0.85769921541214,1.25391757488251,0.468009054660797,0.585214674472809,0.0993318930268288,0.193513423204422,5.524
2015,Poland,1.12555,1.27948,0.77903,0.53122,0.04212,0.16759,5.835
2016,Poland,1.24585,1.04685,0.69058,0.4519,0.055,0.14443,5.97300004959106
2017,Poland,1.29178786277771,1.44571197032928,0.699475347995758,0.520342111587524,0.0593078061938286,0.158465966582298,6.123
2015,Portugal,1.15991,1.13935,0.87519,0.51469,0.01078,0.13719,5.123
2016,Portugal,1.27607,0.94367,0.79363,0.44727,0.01521,0.11691,5.19500017166138
2017,Portugal,1.3151752948761,1.36704301834106,0.795843541622162,0.498465299606323,0.0158694516867399,0.0951027125120163,5.41
2015,Qatar,1.69042,1.0786,0.79733,0.6404,0.52208,0.32573,6.375
2016,Qatar,1.82427,0.87964,0.71723,0.56679,0.48049,0.32388,6.375
2017,Qatar,1.87076568603516,1.27429687976837,0.710098087787628,0.604130983352661,0.439299255609512,0.330473870038986,6.374
2015,Romania,1.04345,0.88588,0.7689,0.35068,0.00649,0.13748,5.528
2016,Romania,1.1697,0.72803,0.67602,0.36712,0.00679,0.12889,5.82499980926514
2017,Romania,1.21768391132355,1.15009129047394,0.685158312320709,0.457003742456436,0.00438790069893003,0.133519917726517,5.945
2015,Russia,1.13764,1.23617,0.66926,0.36679,0.03005,0.00199,5.856
2016,Russia,1.23228,1.05261,0.58991,0.32682,0.03586,0.02736,5.96299982070923
2017,Russia,1.28177809715271,1.46928238868713,0.547349333763123,0.373783111572266,0.0329628810286522,0.0522638224065304,5.81
2015,Rwanda,0.22208,0.7737,0.42864,0.59201,0.55191,0.22628,3.515
2016,Rwanda,0.32846,0.61586,0.31865,0.5432,0.50521,0.23552,3.47099995613098
2017,Rwanda,0.368745893239975,0.945707023143768,0.326424807310104,0.581843852996826,0.455220013856888,0.252756029367447,3.408
2015,Saudi Arabia,1.39541,1.08393,0.72025,0.31048,0.32524,0.13706,6.379
2016,Saudi Arabia,1.48953,0.84829,0.59267,0.37904,0.30008,0.15457,6.3439998626709
2017,Saudi Arabia,1.53062355518341,1.28667759895325,0.590148329734802,0.449750572443008,0.27343225479126,0.147616013884544,6.371
2015,Senegal,0.36498,0.97619,0.4354,0.36772,0.10713,0.20843,4.219
2016,Senegal,0.44314,0.77416,0.40457,0.31056,0.11681,0.19103,4.53499984741211
2017,Senegal,0.479309022426605,1.17969191074371,0.409362852573395,0.377922266721725,0.115460447967052,0.183468893170357,4.631
2015,Serbia,0.92053,1.00964,0.74836,0.20107,0.02617,0.19231,5.177
2016,Serbia,1.03437,0.81329,0.6458,0.15718,0.04339,0.20737,5.39499998092651
2017,Serbia,1.06931757926941,1.25818979740143,0.65078467130661,0.208715528249741,0.0409037806093693,0.220125883817673,5.398
2015,Sierra Leone,0.33024,0.95571,0,0.4084,0.08786,0.21488,4.635
2016,Sierra Leone,0.36485,0.628,0,0.30685,0.08196,0.23897,4.70900011062622
2017,Sierra Leone,0.36842092871666,0.984136044979095,0.00556475389748812,0.318697690963745,0.0710951760411263,0.293040901422501,4.571
2015,Singapore,1.52186,1.02,1.02525,0.54252,0.4921,0.31105,6.739
2016,Singapore,1.64555,0.86758,0.94719,0.4877,0.46987,0.32706,6.57200002670288
2017,Singapore,1.69227766990662,1.35381436347961,0.949492394924164,0.549840569496155,0.46430778503418,0.345965981483459,6.343
2015,Slovakia,1.16891,1.26999,0.78902,0.31751,0.03431,0.16893,6.078
2016,Slovakia,1.27973,1.08268,0.70367,0.23391,0.02947,0.13837,6.09800004959106
2017,Slovakia,1.32539355754852,1.50505924224854,0.712732911109924,0.295817464590073,0.0242108516395092,0.136544480919838,6.173
2015,Slovenia,1.18498,1.27385,0.87337,0.60855,0.03787,0.25328,5.768
2016,Slovenia,1.29947,1.05613,0.79151,0.53164,0.03635,0.25738,5.75799989700317
2017,Slovenia,1.3412059545517,1.45251882076263,0.790828227996826,0.572575807571411,0.0451289787888527,0.242649093270302,5.948
2016,Somalia,0,0.33613,0.11466,0.56778,0.3118,0.27225,5.15100002288818
2017,Somalia,0.0226431842893362,0.721151351928711,0.113989137113094,0.602126955986023,0.282410323619843,0.291631311178207,4.982
2015,South Africa,0.92049,1.18468,0.27688,0.33207,0.08884,0.11973,4.459
2016,South Africa,1.02416,0.96053,0.18611,0.42483,0.08415,0.13656,4.8289999961853
2017,South Africa,1.05469870567322,1.38478863239288,0.187080070376396,0.479246735572815,0.0725094974040985,0.139362379908562,4.724
2015,South Korea,1.24461,0.95774,0.96538,0.33208,0.07857,0.18557,5.835
2016,South Korea,1.35948,0.72194,0.88645,0.25168,0.07716,0.18824,5.83799982070923
2017,South Korea,1.40167844295502,1.12827444076538,0.900214076042175,0.257921665906906,0.0632826685905457,0.206674367189407,5.875
2016,South Sudan,0.39394,0.18519,0.15781,0.19662,0.13015,0.25899,3.59100008010864
2017,South Sudan,0.39724862575531,0.601323127746582,0.163486003875732,0.147062435746193,0.116793513298035,0.285670816898346,3.254
2015,Spain,1.23011,1.31379,0.95562,0.45951,0.06398,0.18227,6.361
2016,Spain,1.34253,1.12945,0.87896,0.37545,0.06137,0.17665,6.40299987792969
2017,Spain,1.38439786434174,1.53209090232849,0.888960599899292,0.408781230449677,0.0709140971302986,0.190133571624756,6.31
2015,Sri Lanka,0.83524,1.01905,0.70806,0.53726,0.09179,0.40828,4.415
2016,Sri Lanka,0.97318,0.84783,0.62007,0.50817,0.07964,0.46978,4.44000005722046
2017,Sri Lanka,1.00985014438629,1.25997638702393,0.625130832195282,0.561213254928589,0.0736539661884308,0.490863561630249,4.471
2015,Sudan,0.52107,1.01404,0.36878,0.10081,0.1466,0.19062,4.139
2016,Sudan,0.63069,0.81928,0.29759,0,0.10039,0.18077,4.13899993896484
2017,Sudan,0.65951669216156,1.21400856971741,0.290920823812485,0.0149958552792668,0.089847519993782,0.182317450642586,4.139
2015,Suriname,0.99534,0.972,0.6082,0.59657,0.13633,0.16991,6.269
2015,Swaziland,0.71206,1.07284,0.07566,0.30658,0.0306,0.18259,4.212
2015,Sweden,1.33171,1.28907,0.91087,0.6598,0.43844,0.36262,7.291
2016,Sweden,1.45181,1.08764,0.83121,0.58218,0.40867,0.38254,7.28399991989136
2017,Sweden,1.49438726902008,1.47816216945648,0.830875158309937,0.612924098968506,0.384398728609085,0.385399252176285,7.314
2015,Switzerland,1.39651,1.34951,0.94143,0.66557,0.41978,0.29678,7.509
2016,Switzerland,1.52733,1.14524,0.86303,0.58557,0.41203,0.28083,7.49399995803833
2017,Switzerland,1.56497955322266,1.51691174507141,0.858131289482117,0.620070576667786,0.367007285356522,0.290549278259277,7.487
2015,Syria,0.6632,0.47489,0.72193,0.15684,0.18906,0.47179,3.069
2016,Syria,0.74719,0.14866,0.62994000000000006,0.06912,0.17233,0.48397,3.46199989318848
2017,Syria,0.777153134346008,0.396102607250214,0.50053334236145,0.0815394446253777,0.151347130537033,0.493663728237152,3.462
2015,Taiwan,1.29098,1.07617,0.8753,0.3974,0.08129,0.25376,6.379
2016,Taiwan,1.39729,0.92624,0.79565,0.32377,0.0663,0.25495,6.441
2015,Tajikistan,0.39047,0.85563,0.57379,0.47216,0.15072,0.22974,4.996
2016,Tajikistan,0.48835,0.75602,0.53119,0.43408,0.13509,0.25998,5.04099988937378
2017,Tajikistan,0.524713635444641,1.27146327495575,0.529235124588013,0.471566706895828,0.146377146244049,0.248997643589973,5.199
2015,Tanzania,0.2852,1.00268,0.38215,0.32878,0.05747,0.34377,3.666
2016,Tanzania,0.47155,0.77623,0.357,0.3176,0.05099,0.31472,3.34899997711182
2017,Tanzania,0.511135876178741,1.04198980331421,0.364509284496307,0.390017777681351,0.0660351067781448,0.354256361722946,3.303
2015,Thailand,0.9669,1.26504,0.7385,0.55664,0.03187,0.5763,6.474
2016,Thailand,1.0893,1.04477,0.64915,0.49553,0.02833,0.58696,6.42399978637695
2017,Thailand,1.12786877155304,1.42579245567322,0.647239029407501,0.580200731754303,0.0316127352416515,0.572123110294342,6.072
2015,Togo,0.20868,0.13995,0.28443,0.36453,0.10731,0.16681000000000001,3.303
2016,Togo,0.28123,0,0.24811,0.34678,0.11587,0.17517,3.49499988555908
2017,Togo,0.305444717407227,0.431882530450821,0.247105568647385,0.38042613863945,0.0956650152802467,0.196896150708199,3.999
2015,Trinidad and Tobago,1.21183,1.18354,0.61483,0.55884,0.0114,0.31844,6.168
2016,Trinidad and Tobago,1.32572,0.98569,0.52608,0.48453,0.01241,0.31935,6.16800022125244
2015,Tunisia,0.88113,0.60429,0.73793,0.26268,0.06358,0.06431,5.045
2016,Tunisia,0.97724,0.43165,0.59577,0.23553,0.0817,0.03936,4.80499982833862
2017,Tunisia,1.00726580619812,0.868351459503174,0.613212049007416,0.289680689573288,0.0867231488227844,0.0496933571994305,4.592
2015,Turkey,1.06098,0.94632,0.73172,0.22815,0.15746,0.12253,5.389
2016,Turkey,1.16492,0.87717,0.64718,0.23889,0.12348,0.04707,5.5
2017,Turkey,1.19827437400818,1.33775317668915,0.637605607509613,0.300740599632263,0.0996715798974037,0.0466930419206619,5.483
2015,Turkmenistan,0.95847,1.22668,0.53886,0.4761,0.30844,0.16979,5.658
2016,Turkmenistan,1.08017,1.03817,0.44006,0.37408,0.28467,0.22567,5.82200002670288
2017,Turkmenistan,1.13077676296234,1.49314916133881,0.437726080417633,0.41827192902565,0.259270340204239,0.24992498755455,5.636
2015,Uganda,0.21102,1.13299,0.33861,0.45727,0.07267,0.29066,3.739
2016,Uganda,0.34719,0.90981,0.19625,0.43653,0.06442,0.27102,4.08099985122681
2017,Uganda,0.381430715322495,1.12982773780823,0.217632606625557,0.443185955286026,0.057069718837738,0.325766056776047,4.161
2015,Ukraine,0.79907,1.20278,0.6739,0.25123,0.02961,0.15275,4.324
2016,Ukraine,0.87287,1.01413,0.58628,0.12859,0.01829,0.20363,4.09600019454956
2017,Ukraine,0.89465194940567,1.39453756809235,0.575903952121735,0.122974775731564,0.0230294708162546,0.270061463117599,4.103
2015,United Arab Emirates,1.42727,1.12575,0.80925,0.64157,0.38583,0.26428,6.573
2016,United Arab Emirates,1.57352,0.87114,0.72993,0.56215,0.35561,0.26591,6.64799976348877
2017,United Arab Emirates,1.62634336948395,1.26641023159027,0.726798236370087,0.60834527015686,0.324489563703537,0.3609419465065,6.825
2015,United Kingdom,1.26637,1.28548,0.90943,0.59625,0.32067,0.51912,6.725
2016,United Kingdom,1.40283,1.08672,0.80991,0.50036,0.27399,0.50156,6.71400022506714
2017,United Kingdom,1.44163393974304,1.49646008014679,0.805335938930511,0.508190035820007,0.265428066253662,0.492774158716202,7.19
2015,United States,1.39451,1.24711,0.86179,0.54604,0.1589,0.40105,7.104
2016,United States,1.50796,1.04782,0.779,0.48163,0.14868,0.41077,6.99300003051758
2017,United States,1.54625928401947,1.41992056369781,0.77428662776947,0.505740523338318,0.135638788342476,0.392578780651093,6.886
2015,Uruguay,1.06166,1.2089,0.8116,0.60362,0.24558,0.2324,6.545
2016,Uruguay,1.18157,1.03143,0.72183,0.54388,0.21394,0.18056,6.4539999961853
2017,Uruguay,1.21755969524384,1.41222786903381,0.719216823577881,0.57939225435257,0.178061872720718,0.175096929073334,6.379
2015,Uzbekistan,0.63244,1.34043,0.59772,0.65821,0.30826,0.22837,5.987
2016,Uzbekistan,0.73591,1.1681,0.50163,0.60848,0.28333,0.34326,5.97100019454956
2017,Uzbekistan,0.786441087722778,1.54896914958954,0.498272627592087,0.658248662948608,0.246528223156929,0.415983647108078,6.096
2015,Venezuela,1.04424,1.25596,0.72052,0.42908,0.11069,0.05841,6.084
2016,Venezuela,1.13367,1.03302,0.61904,0.19847,0.08304,0.0425,5.25
2017,Venezuela,1.12843120098114,1.43133759498596,0.617144227027893,0.153997123241425,0.0644911229610443,0.0650196298956871,4.806
2015,Vietnam,0.63216,0.91226,0.74676,0.59444,0.10441,0.1686,5.061
2016,Vietnam,0.74037,0.79117,0.66157,0.55954,0.11556,0.25075,5.07399988174438
2017,Vietnam,0.788547575473785,1.27749133110046,0.652168989181519,0.571055591106415,0.0876332372426987,0.234968051314354,5.103
2015,Yemen,0.54649,0.68093,0.40064,0.35571,0.07854,0.09131,3.724
2016,Yemen,0.57939,0.47493,0.31048,0.2287,0.05892,0.09821,3.59299993515015
2017,Yemen,0.591683447360992,0.93538224697113,0.310080915689468,0.249463722109795,0.0567674227058887,0.104125209152699,3.355
2015,Zambia,0.47038,0.91612,0.29924,0.48827,0.12468,0.19591,4.795
2016,Zambia,0.61202,0.6376,0.23573,0.42662,0.11479,0.17866,4.51399993896484
2017,Zambia,0.636406779289246,1.00318729877472,0.257835894823074,0.461603492498398,0.0782135501503944,0.249580144882202,4.377
2015,Zimbabwe,0.271,1.03276,0.33475,0.25861,0.08079,0.18987,4.193
2016,Zimbabwe,0.35041,0.71478,0.1595,0.25429,0.08582,0.18503,3.875
2017,Zimbabwe,0.375846534967422,1.08309590816498,0.196763753890991,0.336384207010269,0.0953753814101219,0.189143493771553,3.692
